Sample number,Sample_ID,construct,instrument_type,read_pattern,expected_neg,panel,pooling,dsp_scan,dsp_collection_plate,dsp_collection_well,pcr_primer_plate,pcr_primer_well,Cell number,X-coordinate,Y-coordinate,,,,
1,ICP20th-Blank-NTC-NTC01-NTC01-A01,directPCR,Nextseq,2x38,0,ICP01,,,,A01,PP05,A01, , , ,,,,
2,ICP20th-L11-ICPKilo-ROI01-Tumor-A02,directPCR,Nextseq,2x38,0,ICP01,,,,A02,PP05,A02,572,0,8000,,,,
3,ICP20th-L11-ICPKilo-ROI01-TME-A03,directPCR,Nextseq,2x38,0,ICP01,,,,A03,PP05,A03,733,0,8000,,,,
4,ICP20th-L11-ICPKilo-ROI02-Tumor-A04,directPCR,Nextseq,2x38,0,ICP01,,,,A04,PP05,A04,307,600,8000,,,,
5,ICP20th-L11-ICPKilo-ROI02-TME-A05,directPCR,Nextseq,2x38,0,ICP01,,,,A05,PP05,A05,697,600,8000,,,,
6,ICP20th-L11-ICPKilo-ROI03-Tumor-A06,directPCR,Nextseq,2x38,0,ICP01,,,,A06,PP05,A06,583,1200,8000,,,,
7,ICP20th-L11-ICPKilo-ROI03-TME-A07,directPCR,Nextseq,2x38,0,ICP01,,,,A07,PP05,A07,484,1200,8000,,,,
8,ICP20th-L11-ICPKilo-ROI04-Tumor-A08,directPCR,Nextseq,2x38,0,ICP01,,,,A08,PP05,A08,506,1800,8000,,,,
9,ICP20th-L11-ICPKilo-ROI04-TME-A09,directPCR,Nextseq,2x38,0,ICP01,,,,A09,PP05,A09,706,1800,8000,,,,
10,ICP20th-L11-ICPKilo-ROI05-Tumor-A10,directPCR,Nextseq,2x38,0,ICP01,,,,A10,PP05,A10,851,2400,8000,,,,
11,ICP20th-L11-ICPKilo-ROI05-TME-A11,directPCR,Nextseq,2x38,0,ICP01,,,,A11,PP05,A11,552,2400,8000,,,,
12,ICP20th-L11-ICPKilo-ROI06-Tumor-A12,directPCR,Nextseq,2x38,0,ICP01,,,,A12,PP05,A12,868,3000,8000,,,,
13,ICP20th-L11-ICPKilo-ROI06-TME-B01,directPCR,Nextseq,2x38,0,ICP01,,,,B01,PP05,B01,268,3000,8000,,,,
14,ICP20th-L11-ICPKilo-ROI07-Tumor-B02,directPCR,Nextseq,2x38,0,ICP01,,,,B02,PP05,B02,827,3600,8000,,,,
15,ICP20th-L11-ICPKilo-ROI07-TME-B03,directPCR,Nextseq,2x38,0,ICP01,,,,B03,PP05,B03,503,3600,8000,,,,
16,ICP20th-L11-ICPKilo-ROI08-Tumor-B04,directPCR,Nextseq,2x38,0,ICP01,,,,B04,PP05,B04,1046,4200,8000,,,,
17,ICP20th-L11-ICPKilo-ROI08-TME-B05,directPCR,Nextseq,2x38,0,ICP01,,,,B05,PP05,B05,518,4200,8000,,,,
18,ICP20th-L11-ICPKilo-ROI09-Tumor-B06,directPCR,Nextseq,2x38,0,ICP01,,,,B06,PP05,B06,765,4800,8000,,,,
19,ICP20th-L11-ICPKilo-ROI09-TME-B07,directPCR,Nextseq,2x38,0,ICP01,,,,B07,PP05,B07,859,4800,8000,,,,
20,ICP20th-L11-ICPKilo-ROI10-Tumor-B08,directPCR,Nextseq,2x38,0,ICP01,,,,B08,PP05,B08,555,5400,8000,,,,
21,ICP20th-L11-ICPKilo-ROI10-TME-B09,directPCR,Nextseq,2x38,0,ICP01,,,,B09,PP05,B09,879,5400,8000,,,,
22,ICP20th-L11-ICPKilo-ROI11-Tumor-B10,directPCR,Nextseq,2x38,0,ICP01,,,,B10,PP05,B10,569,6000,8000,,,,
23,ICP20th-L11-ICPKilo-ROI11-TME-B11,directPCR,Nextseq,2x38,0,ICP01,,,,B11,PP05,B11,631,6000,8000,,,,
24,ICP20th-L11-ICPKilo-ROI12-Tumor-B12,directPCR,Nextseq,2x38,0,ICP01,,,,B12,PP05,B12,667,6600,8000,,,,
25,ICP20th-L11-ICPKilo-ROI12-TME-C01,directPCR,Nextseq,2x38,0,ICP01,,,,C01,PP05,C01,703,6600,8000,,,,
26,ICP20th-L11-ICPKilo-ROI13-Tumor-C02,directPCR,Nextseq,2x38,0,ICP01,,,,C02,PP05,C02,687,7200,8000,,,,
27,ICP20th-L11-ICPKilo-ROI13-TME-C03,directPCR,Nextseq,2x38,0,ICP01,,,,C03,PP05,C03,1049,7200,8000,,,,
28,ICP20th-L11-ICPKilo-ROI14-Tumor-C04,directPCR,Nextseq,2x38,0,ICP01,,,,C04,PP05,C04,305,8400,8000,,,,
29,ICP20th-L11-ICPKilo-ROI14-TME-C05,directPCR,Nextseq,2x38,0,ICP01,,,,C05,PP05,C05,670,8400,8000,,,,
30,ICP20th-L11-ICPKilo-ROI15-Tumor-C06,directPCR,Nextseq,2x38,0,ICP01,,,,C06,PP05,C06,403,0,7500,,,,
31,ICP20th-L11-ICPKilo-ROI15-TME-C07,directPCR,Nextseq,2x38,0,ICP01,,,,C07,PP05,C07,692,0,7500,,,,
32,ICP20th-L11-ICPKilo-ROI16-Tumor-C08,directPCR,Nextseq,2x38,0,ICP01,,,,C08,PP05,C08,367,600,7500,,,,
33,ICP20th-L11-ICPKilo-ROI16-TME-C09,directPCR,Nextseq,2x38,0,ICP01,,,,C09,PP05,C09,642,600,7500,,,,
34,ICP20th-L11-ICPKilo-ROI17-Tumor-C10,directPCR,Nextseq,2x38,0,ICP01,,,,C10,PP05,C10,521,1200,7500,,,,
35,ICP20th-L11-ICPKilo-ROI17-TME-C11,directPCR,Nextseq,2x38,0,ICP01,,,,C11,PP05,C11,818,1200,7500,,,,
36,ICP20th-L11-ICPKilo-ROI18-Tumor-C12,directPCR,Nextseq,2x38,0,ICP01,,,,C12,PP05,C12,744,1800,7500,,,,
37,ICP20th-L11-ICPKilo-ROI18-TME-D01,directPCR,Nextseq,2x38,0,ICP01,,,,D01,PP05,D01,564,1800,7500,,,,
38,ICP20th-L11-ICPKilo-ROI19-Tumor-D02,directPCR,Nextseq,2x38,0,ICP01,,,,D02,PP05,D02,1021,2400,7500,,,,
39,ICP20th-L11-ICPKilo-ROI19-TME-D03,directPCR,Nextseq,2x38,0,ICP01,,,,D03,PP05,D03,519,2400,7500,,,,
40,ICP20th-L11-ICPKilo-ROI20-Tumor-D04,directPCR,Nextseq,2x38,0,ICP01,,,,D04,PP05,D04,712,3000,7500,,,,
41,ICP20th-L11-ICPKilo-ROI20-TME-D05,directPCR,Nextseq,2x38,0,ICP01,,,,D05,PP05,D05,454,3000,7500,,,,
42,ICP20th-L11-ICPKilo-ROI21-Tumor-D06,directPCR,Nextseq,2x38,0,ICP01,,,,D06,PP05,D06,484,3600,7500,,,,
43,ICP20th-L11-ICPKilo-ROI21-TME-D07,directPCR,Nextseq,2x38,0,ICP01,,,,D07,PP05,D07,448,3600,7500,,,,
44,ICP20th-L11-ICPKilo-ROI22-Tumor-D08,directPCR,Nextseq,2x38,0,ICP01,,,,D08,PP05,D08,109,4200,7500,,,,
45,ICP20th-L11-ICPKilo-ROI22-TME-D09,directPCR,Nextseq,2x38,0,ICP01,,,,D09,PP05,D09,455,4200,7500,,,,
46,ICP20th-L11-ICPKilo-ROI23-Tumor-D10,directPCR,Nextseq,2x38,0,ICP01,,,,D10,PP05,D10,75,4800,7500,,,,
47,ICP20th-L11-ICPKilo-ROI23-TME-D11,directPCR,Nextseq,2x38,0,ICP01,,,,D11,PP05,D11,660,4800,7500,,,,
48,ICP20th-L11-ICPKilo-ROI24-Tumor-D12,directPCR,Nextseq,2x38,0,ICP01,,,,D12,PP05,D12,588,5400,7500,,,,
49,ICP20th-L11-ICPKilo-ROI24-TME-E01,directPCR,Nextseq,2x38,0,ICP01,,,,E01,PP05,E01,752,5400,7500,,,,
50,ICP20th-L11-ICPKilo-ROI25-Tumor-E02,directPCR,Nextseq,2x38,0,ICP01,,,,E02,PP05,E02,701,6000,7500,,,,
51,ICP20th-L11-ICPKilo-ROI25-TME-E03,directPCR,Nextseq,2x38,0,ICP01,,,,E03,PP05,E03,353,6000,7500,,,,
52,ICP20th-L11-ICPKilo-ROI26-Tumor-E04,directPCR,Nextseq,2x38,0,ICP01,,,,E04,PP05,E04,666,6600,7500,,,,
53,ICP20th-L11-ICPKilo-ROI26-TME-E05,directPCR,Nextseq,2x38,0,ICP01,,,,E05,PP05,E05,641,6600,7500,,,,
54,ICP20th-L11-ICPKilo-ROI27-Tumor-E06,directPCR,Nextseq,2x38,0,ICP01,,,,E06,PP05,E06,702,7200,7500,,,,
55,ICP20th-L11-ICPKilo-ROI27-TME-E07,directPCR,Nextseq,2x38,0,ICP01,,,,E07,PP05,E07,831,7200,7500,,,,
56,ICP20th-L11-ICPKilo-ROI28-Tumor-E08,directPCR,Nextseq,2x38,0,ICP01,,,,E08,PP05,E08,456,7800,7500,,,,
57,ICP20th-L11-ICPKilo-ROI28-TME-E09,directPCR,Nextseq,2x38,0,ICP01,,,,E09,PP05,E09,877,7800,7500,,,,
58,ICP20th-L11-ICPKilo-ROI29-Tumor-E10,directPCR,Nextseq,2x38,0,ICP01,,,,E10,PP05,E10,375,8400,7500,,,,
59,ICP20th-L11-ICPKilo-ROI29-TME-E11,directPCR,Nextseq,2x38,0,ICP01,,,,E11,PP05,E11,527,8400,7500,,,,
60,ICP20th-L11-ICPKilo-ROI30-Tumor-E12,directPCR,Nextseq,2x38,0,ICP01,,,,E12,PP05,E12,678,0,7000,,,,
61,ICP20th-L11-ICPKilo-ROI30-TME-F01,directPCR,Nextseq,2x38,0,ICP01,,,,F01,PP05,F01,600,0,7000,,,,
62,ICP20th-L11-ICPKilo-ROI31-Tumor-F02,directPCR,Nextseq,2x38,0,ICP01,,,,F02,PP05,F02,143,600,7000,,,,
63,ICP20th-L11-ICPKilo-ROI31-TME-F03,directPCR,Nextseq,2x38,0,ICP01,,,,F03,PP05,F03,627,600,7000,,,,
64,ICP20th-L11-ICPKilo-ROI32-Tumor-F04,directPCR,Nextseq,2x38,0,ICP01,,,,F04,PP05,F04,381,1200,7000,,,,
65,ICP20th-L11-ICPKilo-ROI32-TME-F05,directPCR,Nextseq,2x38,0,ICP01,,,,F05,PP05,F05,1026,1200,7000,,,,
66,ICP20th-L11-ICPKilo-ROI33-Tumor-F06,directPCR,Nextseq,2x38,0,ICP01,,,,F06,PP05,F06,588,1800,7000,,,,
67,ICP20th-L11-ICPKilo-ROI33-TME-F07,directPCR,Nextseq,2x38,0,ICP01,,,,F07,PP05,F07,799,1800,7000,,,,
68,ICP20th-L11-ICPKilo-ROI34-Tumor-F08,directPCR,Nextseq,2x38,0,ICP01,,,,F08,PP05,F08,828,2400,7000,,,,
69,ICP20th-L11-ICPKilo-ROI34-TME-F09,directPCR,Nextseq,2x38,0,ICP01,,,,F09,PP05,F09,563,2400,7000,,,,
70,ICP20th-L11-ICPKilo-ROI35-Tumor-F10,directPCR,Nextseq,2x38,0,ICP01,,,,F10,PP05,F10,791,3000,7000,,,,
71,ICP20th-L11-ICPKilo-ROI35-TME-F11,directPCR,Nextseq,2x38,0,ICP01,,,,F11,PP05,F11,470,3000,7000,,,,
72,ICP20th-L11-ICPKilo-ROI36-Tumor-F12,directPCR,Nextseq,2x38,0,ICP01,,,,F12,PP05,F12,472,3600,7000,,,,
73,ICP20th-L11-ICPKilo-ROI36-TME-G01,directPCR,Nextseq,2x38,0,ICP01,,,,G01,PP05,G01,550,3600,7000,,,,
74,ICP20th-L11-ICPKilo-ROI37-Tumor-G02,directPCR,Nextseq,2x38,0,ICP01,,,,G02,PP05,G02,187,5400,7000,,,,
75,ICP20th-L11-ICPKilo-ROI37-TME-G03,directPCR,Nextseq,2x38,0,ICP01,,,,G03,PP05,G03,432,5400,7000,,,,
76,ICP20th-L11-ICPKilo-ROI38-Tumor-G04,directPCR,Nextseq,2x38,0,ICP01,,,,G04,PP05,G04,403,6000,7000,,,,
77,ICP20th-L11-ICPKilo-ROI38-TME-G05,directPCR,Nextseq,2x38,0,ICP01,,,,G05,PP05,G05,784,6000,7000,,,,
78,ICP20th-L11-ICPKilo-ROI39-Tumor-G06,directPCR,Nextseq,2x38,0,ICP01,,,,G06,PP05,G06,563,6600,7000,,,,
79,ICP20th-L11-ICPKilo-ROI39-TME-G07,directPCR,Nextseq,2x38,0,ICP01,,,,G07,PP05,G07,652,6600,7000,,,,
80,ICP20th-L11-ICPKilo-ROI40-Tumor-G08,directPCR,Nextseq,2x38,0,ICP01,,,,G08,PP05,G08,630,7200,7000,,,,
81,ICP20th-L11-ICPKilo-ROI40-TME-G09,directPCR,Nextseq,2x38,0,ICP01,,,,G09,PP05,G09,828,7200,7000,,,,
82,ICP20th-L11-ICPKilo-ROI41-Tumor-G10,directPCR,Nextseq,2x38,0,ICP01,,,,G10,PP05,G10,722,7800,7000,,,,
83,ICP20th-L11-ICPKilo-ROI41-TME-G11,directPCR,Nextseq,2x38,0,ICP01,,,,G11,PP05,G11,805,7800,7000,,,,
84,ICP20th-L11-ICPKilo-ROI42-Tumor-G12,directPCR,Nextseq,2x38,0,ICP01,,,,G12,PP05,G12,532,8400,7000,,,,
85,ICP20th-L11-ICPKilo-ROI42-TME-H01,directPCR,Nextseq,2x38,0,ICP01,,,,H01,PP05,H01,491,8400,7000,,,,
86,ICP20th-L11-ICPKilo-ROI43-Tumor-H02,directPCR,Nextseq,2x38,0,ICP01,,,,H02,PP05,H02,431,0,6500,,,,
87,ICP20th-L11-ICPKilo-ROI43-TME-H03,directPCR,Nextseq,2x38,0,ICP01,,,,H03,PP05,H03,710,0,6500,,,,
88,ICP20th-L11-ICPKilo-ROI44-Tumor-H04,directPCR,Nextseq,2x38,0,ICP01,,,,H04,PP05,H04,253,600,6500,,,,
89,ICP20th-L11-ICPKilo-ROI44-TME-H05,directPCR,Nextseq,2x38,0,ICP01,,,,H05,PP05,H05,1059,600,6500,,,,
90,ICP20th-L11-ICPKilo-ROI45-Tumor-H06,directPCR,Nextseq,2x38,0,ICP01,,,,H06,PP05,H06,521,1800,6500,,,,
91,ICP20th-L11-ICPKilo-ROI45-TME-H07,directPCR,Nextseq,2x38,0,ICP01,,,,H07,PP05,H07,992,1800,6500,,,,
92,ICP20th-L11-ICPKilo-ROI46-Tumor-H08,directPCR,Nextseq,2x38,0,ICP01,,,,H08,PP05,H08,543,2400,6500,,,,
93,ICP20th-L11-ICPKilo-ROI46-TME-H09,directPCR,Nextseq,2x38,0,ICP01,,,,H09,PP05,H09,692,2400,6500,,,,
94,ICP20th-L11-ICPKilo-ROI47-Tumor-H10,directPCR,Nextseq,2x38,0,ICP01,,,,H10,PP05,H10,682,3000,6500,,,,
95,ICP20th-L11-ICPKilo-ROI47-TME-H11,directPCR,Nextseq,2x38,0,ICP01,,,,H11,PP05,H11,599,3000,6500,,,,
96,ICP20th-L11-ICPKilo-ROI48-Tumor-H12,directPCR,Nextseq,2x38,0,ICP01,,,,H12,PP05,H12,273,3600,6500,,,,
97,ICP20th-Blank-NTC-NTC02-NTC02-A01,directPCR,Nextseq,2x38,0,ICP01,,,,A01,PP06,A01, , , ,,,,
98,ICP20th-L11-ICPKilo-ROI48-TME-A02,directPCR,Nextseq,2x38,0,ICP01,,,,A02,PP06,A02,535,3600,6500,,,,
99,ICP20th-L11-ICPKilo-ROI49-Tumor-A03,directPCR,Nextseq,2x38,0,ICP01,,,,A03,PP06,A03,482,5400,6500,,,,
100,ICP20th-L11-ICPKilo-ROI49-TME-A04,directPCR,Nextseq,2x38,0,ICP01,,,,A04,PP06,A04,518,5400,6500,,,,
101,ICP20th-L11-ICPKilo-ROI50-Tumor-A05,directPCR,Nextseq,2x38,0,ICP01,,,,A05,PP06,A05,294,6000,6500,,,,
102,ICP20th-L11-ICPKilo-ROI50-TME-A06,directPCR,Nextseq,2x38,0,ICP01,,,,A06,PP06,A06,1039,6000,6500,,,,
103,ICP20th-L11-ICPKilo-ROI51-Tumor-A07,directPCR,Nextseq,2x38,0,ICP01,,,,A07,PP06,A07,736,7800,6500,,,,
104,ICP20th-L11-ICPKilo-ROI51-TME-A08,directPCR,Nextseq,2x38,0,ICP01,,,,A08,PP06,A08,642,7800,6500,,,,
105,ICP20th-L11-ICPKilo-ROI52-Tumor-A09,directPCR,Nextseq,2x38,0,ICP01,,,,A09,PP06,A09,420,8400,6500,,,,
106,ICP20th-L11-ICPKilo-ROI52-TME-A10,directPCR,Nextseq,2x38,0,ICP01,,,,A10,PP06,A10,593,8400,6500,,,,
107,ICP20th-L11-ICPKilo-ROI53-Tumor-A11,directPCR,Nextseq,2x38,0,ICP01,,,,A11,PP06,A11,330,0,6000,,,,
108,ICP20th-L11-ICPKilo-ROI53-TME-A12,directPCR,Nextseq,2x38,0,ICP01,,,,A12,PP06,A12,658,0,6000,,,,
109,ICP20th-L11-ICPKilo-ROI54-Tumor-B01,directPCR,Nextseq,2x38,0,ICP01,,,,B01,PP06,B01,186,600,6000,,,,
110,ICP20th-L11-ICPKilo-ROI54-TME-B02,directPCR,Nextseq,2x38,0,ICP01,,,,B02,PP06,B02,1084,600,6000,,,,
111,ICP20th-L11-ICPKilo-ROI55-Tumor-B03,directPCR,Nextseq,2x38,0,ICP01,,,,B03,PP06,B03,196,1200,6000,,,,
112,ICP20th-L11-ICPKilo-ROI55-TME-B04,directPCR,Nextseq,2x38,0,ICP01,,,,B04,PP06,B04,635,1200,6000,,,,
113,ICP20th-L11-ICPKilo-ROI56-Tumor-B05,directPCR,Nextseq,2x38,0,ICP01,,,,B05,PP06,B05,637,1800,6000,,,,
114,ICP20th-L11-ICPKilo-ROI56-TME-B06,directPCR,Nextseq,2x38,0,ICP01,,,,B06,PP06,B06,827,1800,6000,,,,
115,ICP20th-L11-ICPKilo-ROI57-Tumor-B07,directPCR,Nextseq,2x38,0,ICP01,,,,B07,PP06,B07,806,2400,6000,,,,
116,ICP20th-L11-ICPKilo-ROI57-TME-B08,directPCR,Nextseq,2x38,0,ICP01,,,,B08,PP06,B08,634,2400,6000,,,,
117,ICP20th-L11-ICPKilo-ROI58-Tumor-B09,directPCR,Nextseq,2x38,0,ICP01,,,,B09,PP06,B09,501,3000,6000,,,,
118,ICP20th-L11-ICPKilo-ROI58-TME-B10,directPCR,Nextseq,2x38,0,ICP01,,,,B10,PP06,B10,675,3000,6000,,,,
119,ICP20th-L11-ICPKilo-ROI59-Tumor-B11,directPCR,Nextseq,2x38,0,ICP01,,,,B11,PP06,B11,719,4800,6000,,,,
120,ICP20th-L11-ICPKilo-ROI59-TME-B12,directPCR,Nextseq,2x38,0,ICP01,,,,B12,PP06,B12,419,4800,6000,,,,
121,ICP20th-L11-ICPKilo-ROI60-Tumor-C01,directPCR,Nextseq,2x38,0,ICP01,,,,C01,PP06,C01,703,5400,6000,,,,
122,ICP20th-L11-ICPKilo-ROI60-TME-C02,directPCR,Nextseq,2x38,0,ICP01,,,,C02,PP06,C02,593,5400,6000,,,,
123,ICP20th-L11-ICPKilo-ROI61-Tumor-C03,directPCR,Nextseq,2x38,0,ICP01,,,,C03,PP06,C03,849,6000,6000,,,,
124,ICP20th-L11-ICPKilo-ROI61-TME-C04,directPCR,Nextseq,2x38,0,ICP01,,,,C04,PP06,C04,620,6000,6000,,,,
125,ICP20th-L11-ICPKilo-ROI62-Tumor-C05,directPCR,Nextseq,2x38,0,ICP01,,,,C05,PP06,C05,506,6600,6000,,,,
126,ICP20th-L11-ICPKilo-ROI62-TME-C06,directPCR,Nextseq,2x38,0,ICP01,,,,C06,PP06,C06,966,6600,6000,,,,
127,ICP20th-L11-ICPKilo-ROI63-Tumor-C07,directPCR,Nextseq,2x38,0,ICP01,,,,C07,PP06,C07,568,7200,6000,,,,
128,ICP20th-L11-ICPKilo-ROI63-TME-C08,directPCR,Nextseq,2x38,0,ICP01,,,,C08,PP06,C08,643,7200,6000,,,,
129,ICP20th-L11-ICPKilo-ROI64-Tumor-C09,directPCR,Nextseq,2x38,0,ICP01,,,,C09,PP06,C09,84,0,5500,,,,
130,ICP20th-L11-ICPKilo-ROI64-TME-C10,directPCR,Nextseq,2x38,0,ICP01,,,,C10,PP06,C10,1871,0,5500,,,,
131,ICP20th-L11-ICPKilo-ROI65-Tumor-C11,directPCR,Nextseq,2x38,0,ICP01,,,,C11,PP06,C11,362,600,5500,,,,
132,ICP20th-L11-ICPKilo-ROI65-TME-C12,directPCR,Nextseq,2x38,0,ICP01,,,,C12,PP06,C12,1041,600,5500,,,,
133,ICP20th-L11-ICPKilo-ROI66-Tumor-D01,directPCR,Nextseq,2x38,0,ICP01,,,,D01,PP06,D01,656,1200,5500,,,,
134,ICP20th-L11-ICPKilo-ROI66-TME-D02,directPCR,Nextseq,2x38,0,ICP01,,,,D02,PP06,D02,743,1200,5500,,,,
135,ICP20th-L11-ICPKilo-ROI67-Tumor-D03,directPCR,Nextseq,2x38,0,ICP01,,,,D03,PP06,D03,181,1800,5500,,,,
136,ICP20th-L11-ICPKilo-ROI67-TME-D04,directPCR,Nextseq,2x38,0,ICP01,,,,D04,PP06,D04,2166,1800,5500,,,,
137,ICP20th-L11-ICPKilo-ROI68-Tumor-D05,directPCR,Nextseq,2x38,0,ICP01,,,,D05,PP06,D05,237,2400,5500,,,,
138,ICP20th-L11-ICPKilo-ROI68-TME-D06,directPCR,Nextseq,2x38,0,ICP01,,,,D06,PP06,D06,1080,2400,5500,,,,
139,ICP20th-L11-ICPKilo-ROI69-Tumor-D07,directPCR,Nextseq,2x38,0,ICP01,,,,D07,PP06,D07,149,3000,5500,,,,
140,ICP20th-L11-ICPKilo-ROI69-TME-D08,directPCR,Nextseq,2x38,0,ICP01,,,,D08,PP06,D08,1047,3000,5500,,,,
141,ICP20th-L11-ICPKilo-ROI70-Tumor-D09,directPCR,Nextseq,2x38,0,ICP01,,,,D09,PP06,D09,654,4800,5500,,,,
142,ICP20th-L11-ICPKilo-ROI70-TME-D10,directPCR,Nextseq,2x38,0,ICP01,,,,D10,PP06,D10,555,4800,5500,,,,
143,ICP20th-L11-ICPKilo-ROI71-Tumor-D11,directPCR,Nextseq,2x38,0,ICP01,,,,D11,PP06,D11,615,5400,5500,,,,
144,ICP20th-L11-ICPKilo-ROI71-TME-D12,directPCR,Nextseq,2x38,0,ICP01,,,,D12,PP06,D12,588,5400,5500,,,,
145,ICP20th-L11-ICPKilo-ROI72-Tumor-E01,directPCR,Nextseq,2x38,0,ICP01,,,,E01,PP06,E01,755,6000,5500,,,,
146,ICP20th-L11-ICPKilo-ROI72-TME-E02,directPCR,Nextseq,2x38,0,ICP01,,,,E02,PP06,E02,841,6000,5500,,,,
147,ICP20th-L11-ICPKilo-ROI73-Tumor-E03,directPCR,Nextseq,2x38,0,ICP01,,,,E03,PP06,E03,467,6600,5500,,,,
148,ICP20th-L11-ICPKilo-ROI73-TME-E04,directPCR,Nextseq,2x38,0,ICP01,,,,E04,PP06,E04,980,6600,5500,,,,
149,ICP20th-L11-ICPKilo-ROI74-Tumor-E05,directPCR,Nextseq,2x38,0,ICP01,,,,E05,PP06,E05,255,0,5000,,,,
150,ICP20th-L11-ICPKilo-ROI74-TME-E06,directPCR,Nextseq,2x38,0,ICP01,,,,E06,PP06,E06,989,0,5000,,,,
151,ICP20th-L11-ICPKilo-ROI75-Tumor-E07,directPCR,Nextseq,2x38,0,ICP01,,,,E07,PP06,E07,493,600,5000,,,,
152,ICP20th-L11-ICPKilo-ROI75-TME-E08,directPCR,Nextseq,2x38,0,ICP01,,,,E08,PP06,E08,525,600,5000,,,,
153,ICP20th-L11-ICPKilo-ROI76-Tumor-E09,directPCR,Nextseq,2x38,0,ICP01,,,,E09,PP06,E09,460,1200,5000,,,,
154,ICP20th-L11-ICPKilo-ROI76-TME-E10,directPCR,Nextseq,2x38,0,ICP01,,,,E10,PP06,E10,577,1200,5000,,,,
155,ICP20th-L11-ICPKilo-ROI77-Tumor-E11,directPCR,Nextseq,2x38,0,ICP01,,,,E11,PP06,E11,491,1800,5000,,,,
156,ICP20th-L11-ICPKilo-ROI77-TME-E12,directPCR,Nextseq,2x38,0,ICP01,,,,E12,PP06,E12,819,1800,5000,,,,
157,ICP20th-L11-ICPKilo-ROI78-Tumor-F01,directPCR,Nextseq,2x38,0,ICP01,,,,F01,PP06,F01,299,2400,5000,,,,
158,ICP20th-L11-ICPKilo-ROI78-TME-F02,directPCR,Nextseq,2x38,0,ICP01,,,,F02,PP06,F02,902,2400,5000,,,,
159,ICP20th-L11-ICPKilo-ROI79-Tumor-F03,directPCR,Nextseq,2x38,0,ICP01,,,,F03,PP06,F03,279,3000,5000,,,,
160,ICP20th-L11-ICPKilo-ROI79-TME-F04,directPCR,Nextseq,2x38,0,ICP01,,,,F04,PP06,F04,522,3000,5000,,,,
161,ICP20th-L11-ICPKilo-ROI80-Tumor-F05,directPCR,Nextseq,2x38,0,ICP01,,,,F05,PP06,F05,331,4200,5000,,,,
162,ICP20th-L11-ICPKilo-ROI80-TME-F06,directPCR,Nextseq,2x38,0,ICP01,,,,F06,PP06,F06,507,4200,5000,,,,
163,ICP20th-L11-ICPKilo-ROI81-Tumor-F07,directPCR,Nextseq,2x38,0,ICP01,,,,F07,PP06,F07,363,4800,5000,,,,
164,ICP20th-L11-ICPKilo-ROI81-TME-F08,directPCR,Nextseq,2x38,0,ICP01,,,,F08,PP06,F08,815,4800,5000,,,,
165,ICP20th-L11-ICPKilo-ROI82-Tumor-F09,directPCR,Nextseq,2x38,0,ICP01,,,,F09,PP06,F09,688,5400,5000,,,,
166,ICP20th-L11-ICPKilo-ROI82-TME-F10,directPCR,Nextseq,2x38,0,ICP01,,,,F10,PP06,F10,635,5400,5000,,,,
167,ICP20th-L11-ICPKilo-ROI83-Tumor-F11,directPCR,Nextseq,2x38,0,ICP01,,,,F11,PP06,F11,848,6000,5000,,,,
168,ICP20th-L11-ICPKilo-ROI83-TME-F12,directPCR,Nextseq,2x38,0,ICP01,,,,F12,PP06,F12,733,6000,5000,,,,
169,ICP20th-L11-ICPKilo-ROI84-Tumor-G01,directPCR,Nextseq,2x38,0,ICP01,,,,G01,PP06,G01,702,6600,5000,,,,
170,ICP20th-L11-ICPKilo-ROI84-TME-G02,directPCR,Nextseq,2x38,0,ICP01,,,,G02,PP06,G02,716,6600,5000,,,,
171,ICP20th-L11-ICPKilo-ROI85-Tumor-G03,directPCR,Nextseq,2x38,0,ICP01,,,,G03,PP06,G03,16,8800,5000,,,,
172,ICP20th-L11-ICPKilo-ROI85-TME-G04,directPCR,Nextseq,2x38,0,ICP01,,,,G04,PP06,G04,1040,8800,5000,,,,
173,ICP20th-L11-ICPKilo-ROI86-Tumor-G05,directPCR,Nextseq,2x38,0,ICP01,,,,G05,PP06,G05,258,0,4500,,,,
174,ICP20th-L11-ICPKilo-ROI86-TME-G06,directPCR,Nextseq,2x38,0,ICP01,,,,G06,PP06,G06,772,0,4500,,,,
175,ICP20th-L11-ICPKilo-ROI87-Tumor-G07,directPCR,Nextseq,2x38,0,ICP01,,,,G07,PP06,G07,256,600,4500,,,,
176,ICP20th-L11-ICPKilo-ROI87-TME-G08,directPCR,Nextseq,2x38,0,ICP01,,,,G08,PP06,G08,1172,600,4500,,,,
177,ICP20th-L11-ICPKilo-ROI88-Tumor-G09,directPCR,Nextseq,2x38,0,ICP01,,,,G09,PP06,G09,436,1200,4500,,,,
178,ICP20th-L11-ICPKilo-ROI88-TME-G10,directPCR,Nextseq,2x38,0,ICP01,,,,G10,PP06,G10,1037,1200,4500,,,,
179,ICP20th-L11-ICPKilo-ROI89-Tumor-G11,directPCR,Nextseq,2x38,0,ICP01,,,,G11,PP06,G11,419,1800,4500,,,,
180,ICP20th-L11-ICPKilo-ROI89-TME-G12,directPCR,Nextseq,2x38,0,ICP01,,,,G12,PP06,G12,576,1800,4500,,,,
181,ICP20th-L11-ICPKilo-ROI90-Tumor-H01,directPCR,Nextseq,2x38,0,ICP01,,,,H01,PP06,H01,232,2400,4500,,,,
182,ICP20th-L11-ICPKilo-ROI90-TME-H02,directPCR,Nextseq,2x38,0,ICP01,,,,H02,PP06,H02,442,2400,4500,,,,
183,ICP20th-L11-ICPKilo-ROI91-Tumor-H03,directPCR,Nextseq,2x38,0,ICP01,,,,H03,PP06,H03,275,3000,4500,,,,
184,ICP20th-L11-ICPKilo-ROI91-TME-H04,directPCR,Nextseq,2x38,0,ICP01,,,,H04,PP06,H04,976,3000,4500,,,,
185,ICP20th-L11-ICPKilo-ROI92-Tumor-H05,directPCR,Nextseq,2x38,0,ICP01,,,,H05,PP06,H05,603,3600,4500,,,,
186,ICP20th-L11-ICPKilo-ROI92-TME-H06,directPCR,Nextseq,2x38,0,ICP01,,,,H06,PP06,H06,509,3600,4500,,,,
187,ICP20th-L11-ICPKilo-ROI93-Tumor-H07,directPCR,Nextseq,2x38,0,ICP01,,,,H07,PP06,H07,458,4200,4500,,,,
188,ICP20th-L11-ICPKilo-ROI93-TME-H08,directPCR,Nextseq,2x38,0,ICP01,,,,H08,PP06,H08,659,4200,4500,,,,
189,ICP20th-L11-ICPKilo-ROI94-Tumor-H09,directPCR,Nextseq,2x38,0,ICP01,,,,H09,PP06,H09,228,4800,4500,,,,
190,ICP20th-L11-ICPKilo-ROI94-TME-H10,directPCR,Nextseq,2x38,0,ICP01,,,,H10,PP06,H10,1350,4800,4500,,,,
191,ICP20th-L11-ICPKilo-ROI95-Tumor-H11,directPCR,Nextseq,2x38,0,ICP01,,,,H11,PP06,H11,740,5400,4500,,,,
192,ICP20th-L11-ICPKilo-ROI95-TME-H12,directPCR,Nextseq,2x38,0,ICP01,,,,H12,PP06,H12,730,5400,4500,,,,
193,ICP20th-L11-ICPKilo-ROI191-Tumor-A02,directPCR,Nextseq,2x38,0,ICP01,,,,A02,PP07,A01,982,4200,0,,,,
194,ICP20th-L11-ICPKilo-ROI96-Tumor-A02,directPCR,Nextseq,2x38,0,ICP01,,,,A02,PP07,A02,461,6000,4500,,,,
195,ICP20th-L11-ICPKilo-ROI96-TME-A03,directPCR,Nextseq,2x38,0,ICP01,,,,A03,PP07,A03,1158,6000,4500,,,,
196,ICP20th-L11-ICPKilo-ROI97-Tumor-A04,directPCR,Nextseq,2x38,0,ICP01,,,,A04,PP07,A04,720,6600,4500,,,,
197,ICP20th-L11-ICPKilo-ROI97-TME-A05,directPCR,Nextseq,2x38,0,ICP01,,,,A05,PP07,A05,474,6600,4500,,,,
198,ICP20th-L11-ICPKilo-ROI98-Tumor-A06,directPCR,Nextseq,2x38,0,ICP01,,,,A06,PP07,A06,34,8800,4500,,,,
199,ICP20th-L11-ICPKilo-ROI98-TME-A07,directPCR,Nextseq,2x38,0,ICP01,,,,A07,PP07,A07,570,8800,4500,,,,
200,ICP20th-L11-ICPKilo-ROI99-Tumor-A08,directPCR,Nextseq,2x38,0,ICP01,,,,A08,PP07,A08,162,0,4000,,,,
201,ICP20th-L11-ICPKilo-ROI99-TME-A09,directPCR,Nextseq,2x38,0,ICP01,,,,A09,PP07,A09,805,0,4000,,,,
202,ICP20th-L11-ICPKilo-ROI100-Tumor-A10,directPCR,Nextseq,2x38,0,ICP01,,,,A10,PP07,A10,225,600,4000,,,,
203,ICP20th-L11-ICPKilo-ROI100-TME-A11,directPCR,Nextseq,2x38,0,ICP01,,,,A11,PP07,A11,1142,600,4000,,,,
204,ICP20th-L11-ICPKilo-ROI101-Tumor-A12,directPCR,Nextseq,2x38,0,ICP01,,,,A12,PP07,A12,317,1200,4000,,,,
205,ICP20th-L11-ICPKilo-ROI101-TME-B01,directPCR,Nextseq,2x38,0,ICP01,,,,B01,PP07,B01,1082,1200,4000,,,,
206,ICP20th-L11-ICPKilo-ROI102-Tumor-B02,directPCR,Nextseq,2x38,0,ICP01,,,,B02,PP07,B02,813,1800,4000,,,,
207,ICP20th-L11-ICPKilo-ROI102-TME-B03,directPCR,Nextseq,2x38,0,ICP01,,,,B03,PP07,B03,405,1800,4000,,,,
208,ICP20th-L11-ICPKilo-ROI103-Tumor-B04,directPCR,Nextseq,2x38,0,ICP01,,,,B04,PP07,B04,155,2400,4000,,,,
209,ICP20th-L11-ICPKilo-ROI103-TME-B05,directPCR,Nextseq,2x38,0,ICP01,,,,B05,PP07,B05,1043,2400,4000,,,,
210,ICP20th-L11-ICPKilo-ROI104-Tumor-B06,directPCR,Nextseq,2x38,0,ICP01,,,,B06,PP07,B06,360,3000,4000,,,,
211,ICP20th-L11-ICPKilo-ROI104-TME-B07,directPCR,Nextseq,2x38,0,ICP01,,,,B07,PP07,B07,454,3000,4000,,,,
212,ICP20th-L11-ICPKilo-ROI105-Tumor-B08,directPCR,Nextseq,2x38,0,ICP01,,,,B08,PP07,B08,210,4200,4000,,,,
213,ICP20th-L11-ICPKilo-ROI105-TME-B09,directPCR,Nextseq,2x38,0,ICP01,,,,B09,PP07,B09,896,4200,4000,,,,
214,ICP20th-L11-ICPKilo-ROI106-Tumor-B10,directPCR,Nextseq,2x38,0,ICP01,,,,B10,PP07,B10,633,4800,4000,,,,
215,ICP20th-L11-ICPKilo-ROI106-TME-B11,directPCR,Nextseq,2x38,0,ICP01,,,,B11,PP07,B11,788,4800,4000,,,,
216,ICP20th-L11-ICPKilo-ROI107-Tumor-B12,directPCR,Nextseq,2x38,0,ICP01,,,,B12,PP07,B12,748,5400,4000,,,,
217,ICP20th-L11-ICPKilo-ROI107-TME-C01,directPCR,Nextseq,2x38,0,ICP01,,,,C01,PP07,C01,738,5400,4000,,,,
218,ICP20th-L11-ICPKilo-ROI108-Tumor-C02,directPCR,Nextseq,2x38,0,ICP01,,,,C02,PP07,C02,350,6000,4000,,,,
219,ICP20th-L11-ICPKilo-ROI108-TME-C03,directPCR,Nextseq,2x38,0,ICP01,,,,C03,PP07,C03,1038,6000,4000,,,,
220,ICP20th-L11-ICPKilo-ROI109-Tumor-C04,directPCR,Nextseq,2x38,0,ICP01,,,,C04,PP07,C04,541,6600,4000,,,,
221,ICP20th-L11-ICPKilo-ROI109-TME-C05,directPCR,Nextseq,2x38,0,ICP01,,,,C05,PP07,C05,839,6600,4000,,,,
222,ICP20th-L11-ICPKilo-ROI110-Tumor-C06,directPCR,Nextseq,2x38,0,ICP01,,,,C06,PP07,C06,265,600,3500,,,,
223,ICP20th-L11-ICPKilo-ROI110-TME-C07,directPCR,Nextseq,2x38,0,ICP01,,,,C07,PP07,C07,1175,600,3500,,,,
224,ICP20th-L11-ICPKilo-ROI111-Tumor-C08,directPCR,Nextseq,2x38,0,ICP01,,,,C08,PP07,C08,441,1200,3500,,,,
225,ICP20th-L11-ICPKilo-ROI111-TME-C09,directPCR,Nextseq,2x38,0,ICP01,,,,C09,PP07,C09,899,1200,3500,,,,
226,ICP20th-L11-ICPKilo-ROI112-Tumor-C10,directPCR,Nextseq,2x38,0,ICP01,,,,C10,PP07,C10,571,1800,3500,,,,
227,ICP20th-L11-ICPKilo-ROI112-TME-C11,directPCR,Nextseq,2x38,0,ICP01,,,,C11,PP07,C11,795,1800,3500,,,,
228,ICP20th-L11-ICPKilo-ROI113-Tumor-C12,directPCR,Nextseq,2x38,0,ICP01,,,,C12,PP07,C12,373,2400,3500,,,,
229,ICP20th-L11-ICPKilo-ROI113-TME-D01,directPCR,Nextseq,2x38,0,ICP01,,,,D01,PP07,D01,412,2400,3500,,,,
230,ICP20th-L11-ICPKilo-ROI114-Tumor-D02,directPCR,Nextseq,2x38,0,ICP01,,,,D02,PP07,D02,350,3000,3500,,,,
231,ICP20th-L11-ICPKilo-ROI114-TME-D03,directPCR,Nextseq,2x38,0,ICP01,,,,D03,PP07,D03,440,3000,3500,,,,
232,ICP20th-L11-ICPKilo-ROI115-Tumor-D04,directPCR,Nextseq,2x38,0,ICP01,,,,D04,PP07,D04,4,4200,3500,,,,
233,ICP20th-L11-ICPKilo-ROI115-TME-D05,directPCR,Nextseq,2x38,0,ICP01,,,,D05,PP07,D05,997,4200,3500,,,,
234,ICP20th-L11-ICPKilo-ROI116-Tumor-D06,directPCR,Nextseq,2x38,0,ICP01,,,,D06,PP07,D06,487,4800,3500,,,,
235,ICP20th-L11-ICPKilo-ROI116-TME-D07,directPCR,Nextseq,2x38,0,ICP01,,,,D07,PP07,D07,420,4800,3500,,,,
236,ICP20th-L11-ICPKilo-ROI117-Tumor-D08,directPCR,Nextseq,2x38,0,ICP01,,,,D08,PP07,D08,392,5400,3500,,,,
237,ICP20th-L11-ICPKilo-ROI117-TME-D09,directPCR,Nextseq,2x38,0,ICP01,,,,D09,PP07,D09,792,5400,3500,,,,
238,ICP20th-L11-ICPKilo-ROI118-Tumor-D10,directPCR,Nextseq,2x38,0,ICP01,,,,D10,PP07,D10,136,6000,3500,,,,
239,ICP20th-L11-ICPKilo-ROI118-TME-D11,directPCR,Nextseq,2x38,0,ICP01,,,,D11,PP07,D11,1246,6000,3500,,,,
240,ICP20th-L11-ICPKilo-ROI119-Tumor-D12,directPCR,Nextseq,2x38,0,ICP01,,,,D12,PP07,D12,465,6600,3500,,,,
241,ICP20th-L11-ICPKilo-ROI119-TME-E01,directPCR,Nextseq,2x38,0,ICP01,,,,E01,PP07,E01,953,6600,3500,,,,
242,ICP20th-L11-ICPKilo-ROI120-Tumor-E02,directPCR,Nextseq,2x38,0,ICP01,,,,E02,PP07,E02,400,7800,3500,,,,
243,ICP20th-L11-ICPKilo-ROI120-TME-E03,directPCR,Nextseq,2x38,0,ICP01,,,,E03,PP07,E03,752,7800,3500,,,,
244,ICP20th-L11-ICPKilo-ROI121-Tumor-E04,directPCR,Nextseq,2x38,0,ICP01,,,,E04,PP07,E04,121,8800,3500,,,,
245,ICP20th-L11-ICPKilo-ROI121-TME-E05,directPCR,Nextseq,2x38,0,ICP01,,,,E05,PP07,E05,435,8800,3500,,,,
246,ICP20th-L11-ICPKilo-ROI122-Tumor-E06,directPCR,Nextseq,2x38,0,ICP01,,,,E06,PP07,E06,938,1200,3000,,,,
247,ICP20th-L11-ICPKilo-ROI122-TME-E07,directPCR,Nextseq,2x38,0,ICP01,,,,E07,PP07,E07,349,1200,3000,,,,
248,ICP20th-L11-ICPKilo-ROI123-Tumor-E08,directPCR,Nextseq,2x38,0,ICP01,,,,E08,PP07,E08,793,1800,3000,,,,
249,ICP20th-L11-ICPKilo-ROI123-TME-E09,directPCR,Nextseq,2x38,0,ICP01,,,,E09,PP07,E09,717,1800,3000,,,,
250,ICP20th-L11-ICPKilo-ROI124-Tumor-E10,directPCR,Nextseq,2x38,0,ICP01,,,,E10,PP07,E10,518,2400,3000,,,,
251,ICP20th-L11-ICPKilo-ROI124-TME-E11,directPCR,Nextseq,2x38,0,ICP01,,,,E11,PP07,E11,1111,2400,3000,,,,
252,ICP20th-L11-ICPKilo-ROI125-Tumor-E12,directPCR,Nextseq,2x38,0,ICP01,,,,E12,PP07,E12,260,3000,3000,,,,
253,ICP20th-L11-ICPKilo-ROI125-TME-F01,directPCR,Nextseq,2x38,0,ICP01,,,,F01,PP07,F01,759,3000,3000,,,,
254,ICP20th-L11-ICPKilo-ROI126-Tumor-F02,directPCR,Nextseq,2x38,0,ICP01,,,,F02,PP07,F02,46,4200,3000,,,,
255,ICP20th-L11-ICPKilo-ROI126-TME-F03,directPCR,Nextseq,2x38,0,ICP01,,,,F03,PP07,F03,836,4200,3000,,,,
256,ICP20th-L11-ICPKilo-ROI127-Tumor-F04,directPCR,Nextseq,2x38,0,ICP01,,,,F04,PP07,F04,329,4800,3000,,,,
257,ICP20th-L11-ICPKilo-ROI127-TME-F05,directPCR,Nextseq,2x38,0,ICP01,,,,F05,PP07,F05,675,4800,3000,,,,
258,ICP20th-L11-ICPKilo-ROI128-Tumor-F06,directPCR,Nextseq,2x38,0,ICP01,,,,F06,PP07,F06,247,5400,3000,,,,
259,ICP20th-L11-ICPKilo-ROI128-TME-F07,directPCR,Nextseq,2x38,0,ICP01,,,,F07,PP07,F07,1078,5400,3000,,,,
260,ICP20th-L11-ICPKilo-ROI129-Tumor-F08,directPCR,Nextseq,2x38,0,ICP01,,,,F08,PP07,F08,243,6000,3000,,,,
261,ICP20th-L11-ICPKilo-ROI129-TME-F09,directPCR,Nextseq,2x38,0,ICP01,,,,F09,PP07,F09,613,6000,3000,,,,
262,ICP20th-L11-ICPKilo-ROI130-Tumor-F10,directPCR,Nextseq,2x38,0,ICP01,,,,F10,PP07,F10,682,6600,3000,,,,
263,ICP20th-L11-ICPKilo-ROI130-TME-F11,directPCR,Nextseq,2x38,0,ICP01,,,,F11,PP07,F11,1056,6600,3000,,,,
264,ICP20th-L11-ICPKilo-ROI131-Tumor-F12,directPCR,Nextseq,2x38,0,ICP01,,,,F12,PP07,F12,569,7200,3000,,,,
265,ICP20th-L11-ICPKilo-ROI131-TME-G01,directPCR,Nextseq,2x38,0,ICP01,,,,G01,PP07,G01,946,7200,3000,,,,
266,ICP20th-L11-ICPKilo-ROI132-Tumor-G02,directPCR,Nextseq,2x38,0,ICP01,,,,G02,PP07,G02,760,7800,3000,,,,
267,ICP20th-L11-ICPKilo-ROI132-TME-G03,directPCR,Nextseq,2x38,0,ICP01,,,,G03,PP07,G03,916,7800,3000,,,,
268,ICP20th-L11-ICPKilo-ROI133-Tumor-G04,directPCR,Nextseq,2x38,0,ICP01,,,,G04,PP07,G04,683,8400,3000,,,,
269,ICP20th-L11-ICPKilo-ROI133-TME-G05,directPCR,Nextseq,2x38,0,ICP01,,,,G05,PP07,G05,589,8400,3000,,,,
270,ICP20th-L11-ICPKilo-ROI134-Tumor-G06,directPCR,Nextseq,2x38,0,ICP01,,,,G06,PP07,G06,1034,1200,2500,,,,
271,ICP20th-L11-ICPKilo-ROI134-TME-G07,directPCR,Nextseq,2x38,0,ICP01,,,,G07,PP07,G07,445,1200,2500,,,,
272,ICP20th-L11-ICPKilo-ROI135-Tumor-G08,directPCR,Nextseq,2x38,0,ICP01,,,,G08,PP07,G08,417,1800,2500,,,,
273,ICP20th-L11-ICPKilo-ROI135-TME-G09,directPCR,Nextseq,2x38,0,ICP01,,,,G09,PP07,G09,607,1800,2500,,,,
274,ICP20th-L11-ICPKilo-ROI136-Tumor-G10,directPCR,Nextseq,2x38,0,ICP01,,,,G10,PP07,G10,115,2400,2500,,,,
275,ICP20th-L11-ICPKilo-ROI136-TME-G11,directPCR,Nextseq,2x38,0,ICP01,,,,G11,PP07,G11,1292,2400,2500,,,,
276,ICP20th-L11-ICPKilo-ROI137-Tumor-G12,directPCR,Nextseq,2x38,0,ICP01,,,,G12,PP07,G12,154,3000,2500,,,,
277,ICP20th-L11-ICPKilo-ROI137-TME-H01,directPCR,Nextseq,2x38,0,ICP01,,,,H01,PP07,H01,1313,3000,2500,,,,
278,ICP20th-L11-ICPKilo-ROI138-Tumor-H02,directPCR,Nextseq,2x38,0,ICP01,,,,H02,PP07,H02,557,4800,2500,,,,
279,ICP20th-L11-ICPKilo-ROI138-TME-H03,directPCR,Nextseq,2x38,0,ICP01,,,,H03,PP07,H03,485,4800,2500,,,,
280,ICP20th-L11-ICPKilo-ROI139-Tumor-H04,directPCR,Nextseq,2x38,0,ICP01,,,,H04,PP07,H04,130,5400,2500,,,,
281,ICP20th-L11-ICPKilo-ROI139-TME-H05,directPCR,Nextseq,2x38,0,ICP01,,,,H05,PP07,H05,1122,5400,2500,,,,
282,ICP20th-L11-ICPKilo-ROI140-Tumor-H06,directPCR,Nextseq,2x38,0,ICP01,,,,H06,PP07,H06,63,6000,2500,,,,
283,ICP20th-L11-ICPKilo-ROI140-TME-H07,directPCR,Nextseq,2x38,0,ICP01,,,,H07,PP07,H07,1351,6000,2500,,,,
284,ICP20th-L11-ICPKilo-ROI141-Tumor-H08,directPCR,Nextseq,2x38,0,ICP01,,,,H08,PP07,H08,513,6600,2500,,,,
285,ICP20th-L11-ICPKilo-ROI141-TME-H09,directPCR,Nextseq,2x38,0,ICP01,,,,H09,PP07,H09,1062,6600,2500,,,,
286,ICP20th-L11-ICPKilo-ROI142-Tumor-H10,directPCR,Nextseq,2x38,0,ICP01,,,,H10,PP07,H10,504,7800,2500,,,,
287,ICP20th-L11-ICPKilo-ROI142-TME-H11,directPCR,Nextseq,2x38,0,ICP01,,,,H11,PP07,H11,1070,7800,2500,,,,
288,ICP20th-L11-ICPKilo-ROI143-Tumor-H12,directPCR,Nextseq,2x38,0,ICP01,,,,H12,PP07,H12,201,8400,2500,,,,
289,ICP20th-L11-ICPKilo-ROI191-TME-A03,directPCR,Nextseq,2x38,0,ICP01,,,,A03,PP08,A01,341,4200,0,,,,
290,ICP20th-L11-ICPKilo-ROI143-TME-A02,directPCR,Nextseq,2x38,0,ICP01,,,,A02,PP08,A02,780,8400,2500,,,,
291,ICP20th-L11-ICPKilo-ROI144-Tumor-A03,directPCR,Nextseq,2x38,0,ICP01,,,,A03,PP08,A03,101,1200,1989,,,,
292,ICP20th-L11-ICPKilo-ROI144-TME-A04,directPCR,Nextseq,2x38,0,ICP01,,,,A04,PP08,A04,1154,1200,1989,,,,
293,ICP20th-L11-ICPKilo-ROI145-Tumor-A05,directPCR,Nextseq,2x38,0,ICP01,,,,A05,PP08,A05,207,1800,2000,,,,
294,ICP20th-L11-ICPKilo-ROI145-TME-A06,directPCR,Nextseq,2x38,0,ICP01,,,,A06,PP08,A06,915,1800,2000,,,,
295,ICP20th-L11-ICPKilo-ROI146-Tumor-A07,directPCR,Nextseq,2x38,0,ICP01,,,,A07,PP08,A07,391,3000,2000,,,,
296,ICP20th-L11-ICPKilo-ROI146-TME-A08,directPCR,Nextseq,2x38,0,ICP01,,,,A08,PP08,A08,1024,3000,2000,,,,
297,ICP20th-L11-ICPKilo-ROI147-Tumor-A09,directPCR,Nextseq,2x38,0,ICP01,,,,A09,PP08,A09,190,4200,2000,,,,
298,ICP20th-L11-ICPKilo-ROI147-TME-A10,directPCR,Nextseq,2x38,0,ICP01,,,,A10,PP08,A10,549,4200,2000,,,,
299,ICP20th-L11-ICPKilo-ROI148-Tumor-A11,directPCR,Nextseq,2x38,0,ICP01,,,,A11,PP08,A11,31,6000,1980,,,,
300,ICP20th-L11-ICPKilo-ROI148-TME-A12,directPCR,Nextseq,2x38,0,ICP01,,,,A12,PP08,A12,1284,6000,1980,,,,
301,ICP20th-L11-ICPKilo-ROI149-Tumor-B01,directPCR,Nextseq,2x38,0,ICP01,,,,B01,PP08,B01, ,6600,2000,,,,
302,ICP20th-L11-ICPKilo-ROI149-TME-B02,directPCR,Nextseq,2x38,0,ICP01,,,,B02,PP08,B02,1088,6600,2000,,,,
303,ICP20th-L11-ICPKilo-ROI150-Tumor-B03,directPCR,Nextseq,2x38,0,ICP01,,,,B03,PP08,B03,490,7200,2000,,,,
304,ICP20th-L11-ICPKilo-ROI150-TME-B04,directPCR,Nextseq,2x38,0,ICP01,,,,B04,PP08,B04,923,7200,2000,,,,
305,ICP20th-L11-ICPKilo-ROI151-Tumor-B05,directPCR,Nextseq,2x38,0,ICP01,,,,B05,PP08,B05,795,7800,2000,,,,
306,ICP20th-L11-ICPKilo-ROI151-TME-B06,directPCR,Nextseq,2x38,0,ICP01,,,,B06,PP08,B06,1050,7800,2000,,,,
307,ICP20th-L11-ICPKilo-ROI152-Tumor-B07,directPCR,Nextseq,2x38,0,ICP01,,,,B07,PP08,B07,640,8400,2000,,,,
308,ICP20th-L11-ICPKilo-ROI152-TME-B08,directPCR,Nextseq,2x38,0,ICP01,,,,B08,PP08,B08,1145,8400,2000,,,,
309,ICP20th-L11-ICPKilo-ROI153-Tumor-B09,directPCR,Nextseq,2x38,0,ICP01,,,,B09,PP08,B09,544,9000,2000,,,,
310,ICP20th-L11-ICPKilo-ROI153-TME-B10,directPCR,Nextseq,2x38,0,ICP01,,,,B10,PP08,B10,924,9000,2000,,,,
311,ICP20th-L11-ICPKilo-ROI154-Tumor-B11,directPCR,Nextseq,2x38,0,ICP01,,,,B11,PP08,B11,127,1200,1500.4,,,,
312,ICP20th-L11-ICPKilo-ROI154-TME-B12,directPCR,Nextseq,2x38,0,ICP01,,,,B12,PP08,B12,122,1200,1500.4,,,,
313,ICP20th-L11-ICPKilo-ROI155-Tumor-C01,directPCR,Nextseq,2x38,0,ICP01,,,,C01,PP08,C01,793,1800,1500,,,,
314,ICP20th-L11-ICPKilo-ROI155-TME-C02,directPCR,Nextseq,2x38,0,ICP01,,,,C02,PP08,C02,644,1800,1500,,,,
315,ICP20th-L11-ICPKilo-ROI156-Tumor-C03,directPCR,Nextseq,2x38,0,ICP01,,,,C03,PP08,C03,67,2400,1500,,,,
316,ICP20th-L11-ICPKilo-ROI156-TME-C04,directPCR,Nextseq,2x38,0,ICP01,,,,C04,PP08,C04,1345,2400,1500,,,,
317,ICP20th-L11-ICPKilo-ROI157-Tumor-C05,directPCR,Nextseq,2x38,0,ICP01,,,,C05,PP08,C05,571,3000,1500,,,,
318,ICP20th-L11-ICPKilo-ROI157-TME-C06,directPCR,Nextseq,2x38,0,ICP01,,,,C06,PP08,C06,928,3000,1500,,,,
319,ICP20th-L11-ICPKilo-ROI158-Tumor-C07,directPCR,Nextseq,2x38,0,ICP01,,,,C07,PP08,C07,282,4200,1500,,,,
320,ICP20th-L11-ICPKilo-ROI158-TME-C08,directPCR,Nextseq,2x38,0,ICP01,,,,C08,PP08,C08,415,4200,1500,,,,
321,ICP20th-L11-ICPKilo-ROI159-Tumor-C09,directPCR,Nextseq,2x38,0,ICP01,,,,C09,PP08,C09,489,4800,1500,,,,
322,ICP20th-L11-ICPKilo-ROI159-TME-C10,directPCR,Nextseq,2x38,0,ICP01,,,,C10,PP08,C10,909,4800,1500,,,,
323,ICP20th-L11-ICPKilo-ROI160-Tumor-C11,directPCR,Nextseq,2x38,0,ICP01,,,,C11,PP08,C11,37,5400,1500,,,,
324,ICP20th-L11-ICPKilo-ROI160-TME-C12,directPCR,Nextseq,2x38,0,ICP01,,,,C12,PP08,C12,1047,5400,1500,,,,
325,ICP20th-L11-ICPKilo-ROI161-Tumor-D01,directPCR,Nextseq,2x38,0,ICP01,,,,D01,PP08,D01,52,6000,1500,,,,
326,ICP20th-L11-ICPKilo-ROI161-TME-D02,directPCR,Nextseq,2x38,0,ICP01,,,,D02,PP08,D02,984,6000,1500,,,,
327,ICP20th-L11-ICPKilo-ROI162-Tumor-D03,directPCR,Nextseq,2x38,0,ICP01,,,,D03,PP08,D03,115,6600,1500,,,,
328,ICP20th-L11-ICPKilo-ROI162-TME-D04,directPCR,Nextseq,2x38,0,ICP01,,,,D04,PP08,D04,790,6600,1500,,,,
329,ICP20th-L11-ICPKilo-ROI163-Tumor-D05,directPCR,Nextseq,2x38,0,ICP01,,,,D05,PP08,D05,620,7200,1500,,,,
330,ICP20th-L11-ICPKilo-ROI163-TME-D06,directPCR,Nextseq,2x38,0,ICP01,,,,D06,PP08,D06,1373,7200,1500,,,,
331,ICP20th-L11-ICPKilo-ROI164-Tumor-D07,directPCR,Nextseq,2x38,0,ICP01,,,,D07,PP08,D07,828,7800,1500,,,,
332,ICP20th-L11-ICPKilo-ROI164-TME-D08,directPCR,Nextseq,2x38,0,ICP01,,,,D08,PP08,D08,1313,7800,1500,,,,
333,ICP20th-L11-ICPKilo-ROI165-Tumor-D09,directPCR,Nextseq,2x38,0,ICP01,,,,D09,PP08,D09,551,8400,1500,,,,
334,ICP20th-L11-ICPKilo-ROI165-TME-D10,directPCR,Nextseq,2x38,0,ICP01,,,,D10,PP08,D10,1273,8400,1500,,,,
335,ICP20th-L11-ICPKilo-ROI166-Tumor-D11,directPCR,Nextseq,2x38,0,ICP01,,,,D11,PP08,D11,261,1800,1000,,,,
336,ICP20th-L11-ICPKilo-ROI166-TME-D12,directPCR,Nextseq,2x38,0,ICP01,,,,D12,PP08,D12,755,1800,1000,,,,
337,ICP20th-L11-ICPKilo-ROI167-Tumor-E01,directPCR,Nextseq,2x38,0,ICP01,,,,E01,PP08,E01,870,2400,1000,,,,
338,ICP20th-L11-ICPKilo-ROI167-TME-E02,directPCR,Nextseq,2x38,0,ICP01,,,,E02,PP08,E02,353,2400,1000,,,,
339,ICP20th-L11-ICPKilo-ROI168-Tumor-E03,directPCR,Nextseq,2x38,0,ICP01,,,,E03,PP08,E03,632,3000,1000,,,,
340,ICP20th-L11-ICPKilo-ROI168-TME-E04,directPCR,Nextseq,2x38,0,ICP01,,,,E04,PP08,E04,837,3000,1000,,,,
341,ICP20th-L11-ICPKilo-ROI169-Tumor-E05,directPCR,Nextseq,2x38,0,ICP01,,,,E05,PP08,E05,396,3600,1000,,,,
342,ICP20th-L11-ICPKilo-ROI169-TME-E06,directPCR,Nextseq,2x38,0,ICP01,,,,E06,PP08,E06,883,3600,1000,,,,
343,ICP20th-L11-ICPKilo-ROI170-Tumor-E07,directPCR,Nextseq,2x38,0,ICP01,,,,E07,PP08,E07,124,4200,1000,,,,
344,ICP20th-L11-ICPKilo-ROI170-TME-E08,directPCR,Nextseq,2x38,0,ICP01,,,,E08,PP08,E08,1008,4200,1000,,,,
345,ICP20th-L11-ICPKilo-ROI171-Tumor-E09,directPCR,Nextseq,2x38,0,ICP01,,,,E09,PP08,E09,27,4800,1000,,,,
346,ICP20th-L11-ICPKilo-ROI171-TME-E10,directPCR,Nextseq,2x38,0,ICP01,,,,E10,PP08,E10,1238,4800,1000,,,,
347,ICP20th-L11-ICPKilo-ROI172-Tumor-E11,directPCR,Nextseq,2x38,0,ICP01,,,,E11,PP08,E11,102,5400,1000,,,,
348,ICP20th-L11-ICPKilo-ROI172-TME-E12,directPCR,Nextseq,2x38,0,ICP01,,,,E12,PP08,E12,1218,5400,1000,,,,
349,ICP20th-L11-ICPKilo-ROI173-Tumor-F01,directPCR,Nextseq,2x38,0,ICP01,,,,F01,PP08,F01,110,6000,1000,,,,
350,ICP20th-L11-ICPKilo-ROI173-TME-F02,directPCR,Nextseq,2x38,0,ICP01,,,,F02,PP08,F02,1283,6000,1000,,,,
351,ICP20th-L11-ICPKilo-ROI174-Tumor-F03,directPCR,Nextseq,2x38,0,ICP01,,,,F03,PP08,F03,452,6600,1000,,,,
352,ICP20th-L11-ICPKilo-ROI174-TME-F04,directPCR,Nextseq,2x38,0,ICP01,,,,F04,PP08,F04,1444,6600,1000,,,,
353,ICP20th-L11-ICPKilo-ROI175-Tumor-F05,directPCR,Nextseq,2x38,0,ICP01,,,,F05,PP08,F05,338,7200,1000,,,,
354,ICP20th-L11-ICPKilo-ROI175-TME-F06,directPCR,Nextseq,2x38,0,ICP01,,,,F06,PP08,F06,1232,7200,1000,,,,
355,ICP20th-L11-ICPKilo-ROI176-Tumor-F07,directPCR,Nextseq,2x38,0,ICP01,,,,F07,PP08,F07,766,7800,1000,,,,
356,ICP20th-L11-ICPKilo-ROI176-TME-F08,directPCR,Nextseq,2x38,0,ICP01,,,,F08,PP08,F08,1064,7800,1000,,,,
357,ICP20th-L11-ICPKilo-ROI177-Tumor-F09,directPCR,Nextseq,2x38,0,ICP01,,,,F09,PP08,F09,617,8400,1000,,,,
358,ICP20th-L11-ICPKilo-ROI177-TME-F10,directPCR,Nextseq,2x38,0,ICP01,,,,F10,PP08,F10,545,8400,1000,,,,
359,ICP20th-L11-ICPKilo-ROI178-Tumor-F11,directPCR,Nextseq,2x38,0,ICP01,,,,F11,PP08,F11,151,2400,500,,,,
360,ICP20th-L11-ICPKilo-ROI178-TME-F12,directPCR,Nextseq,2x38,0,ICP01,,,,F12,PP08,F12,192,2400,500,,,,
361,ICP20th-L11-ICPKilo-ROI179-Tumor-G01,directPCR,Nextseq,2x38,0,ICP01,,,,G01,PP08,G01,758,3000,500,,,,
362,ICP20th-L11-ICPKilo-ROI179-TME-G02,directPCR,Nextseq,2x38,0,ICP01,,,,G02,PP08,G02,456,3000,500,,,,
363,ICP20th-L11-ICPKilo-ROI180-Tumor-G03,directPCR,Nextseq,2x38,0,ICP01,,,,G03,PP08,G03,1009,3600,500,,,,
364,ICP20th-L11-ICPKilo-ROI180-TME-G04,directPCR,Nextseq,2x38,0,ICP01,,,,G04,PP08,G04,291,3600,500,,,,
365,ICP20th-L11-ICPKilo-ROI181-Tumor-G05,directPCR,Nextseq,2x38,0,ICP01,,,,G05,PP08,G05,921,4200,500,,,,
366,ICP20th-L11-ICPKilo-ROI181-TME-G06,directPCR,Nextseq,2x38,0,ICP01,,,,G06,PP08,G06,525,4200,500,,,,
367,ICP20th-L11-ICPKilo-ROI182-Tumor-G07,directPCR,Nextseq,2x38,0,ICP01,,,,G07,PP08,G07,817,4800,500,,,,
368,ICP20th-L11-ICPKilo-ROI182-TME-G08,directPCR,Nextseq,2x38,0,ICP01,,,,G08,PP08,G08,772,4800,500,,,,
369,ICP20th-L11-ICPKilo-ROI183-Tumor-G09,directPCR,Nextseq,2x38,0,ICP01,,,,G09,PP08,G09,427,5400,500,,,,
370,ICP20th-L11-ICPKilo-ROI183-TME-G10,directPCR,Nextseq,2x38,0,ICP01,,,,G10,PP08,G10,969,5400,500,,,,
371,ICP20th-L11-ICPKilo-ROI184-Tumor-G11,directPCR,Nextseq,2x38,0,ICP01,,,,G11,PP08,G11,950,6000,500,,,,
372,ICP20th-L11-ICPKilo-ROI184-TME-G12,directPCR,Nextseq,2x38,0,ICP01,,,,G12,PP08,G12,451,6000,500,,,,
373,ICP20th-L11-ICPKilo-ROI185-Tumor-H01,directPCR,Nextseq,2x38,0,ICP01,,,,H01,PP08,H01,544,6600,500,,,,
374,ICP20th-L11-ICPKilo-ROI185-TME-H02,directPCR,Nextseq,2x38,0,ICP01,,,,H02,PP08,H02,1086,6600,500,,,,
375,ICP20th-L11-ICPKilo-ROI186-Tumor-H03,directPCR,Nextseq,2x38,0,ICP01,,,,H03,PP08,H03,610,7200,500,,,,
376,ICP20th-L11-ICPKilo-ROI186-TME-H04,directPCR,Nextseq,2x38,0,ICP01,,,,H04,PP08,H04,928,7200,500,,,,
377,ICP20th-L11-ICPKilo-ROI187-Tumor-H05,directPCR,Nextseq,2x38,0,ICP01,,,,H05,PP08,H05,219,7800,500,,,,
378,ICP20th-L11-ICPKilo-ROI187-TME-H06,directPCR,Nextseq,2x38,0,ICP01,,,,H06,PP08,H06,796,7800,500,,,,
379,ICP20th-L11-ICPKilo-ROI188-Tumor-H07,directPCR,Nextseq,2x38,0,ICP01,,,,H07,PP08,H07,68,2400,0,,,,
380,ICP20th-L11-ICPKilo-ROI188-TME-H08,directPCR,Nextseq,2x38,0,ICP01,,,,H08,PP08,H08,173,2400,0,,,,
381,ICP20th-L11-ICPKilo-ROI189-Tumor-H09,directPCR,Nextseq,2x38,0,ICP01,,,,H09,PP08,H09,755,3000,0,,,,
382,ICP20th-L11-ICPKilo-ROI189-TME-H10,directPCR,Nextseq,2x38,0,ICP01,,,,H10,PP08,H10,164,3000,0,,,,
383,ICP20th-L11-ICPKilo-ROI190-Tumor-H11,directPCR,Nextseq,2x38,0,ICP01,,,,H11,PP08,H11,933,3600,0,,,,
384,ICP20th-L11-ICPKilo-ROI190-TME-H12,directPCR,Nextseq,2x38,0,ICP01,,,,H12,PP08,H12,268,3600,0,,,,
